{
    "train_psnr channel 1": 22.878496170043945,
    "val_psnr channel 1": 26.44931411743164,
    "model_weights_filename": "swin2sr_epoch10_valloss0.0021.pth",
    "train_psnr channel 2": 27.113330841064453,
    "_runtime": 47.20202683,
    "loss": 0.0016435374272987247,
    "trainer/global_step": 219,
    "_timestamp": 1726740035.8425055,
    "val_loss": 0.0020711065735667944,
    "Performance_Section": "\n    ### Run ID: vqr14xvu\n    **Configuration:** LR: 0.001, Epochs: 400, Augmentations: True, Noisy_data: False\n\n    #### Performance Metrics:\n    - **PSNR channel 1**: 26.44931411743164\n    - **PSNR channel 2**: 25.772939682006836\n    ",
    "epoch": 9,
    "_step": 29,
    "val_psnr channel 2": 25.772939682006836,
    "1qc6558x": {
        "train_psnr channel 2": 27.113330841064453,
        "epoch": 9,
        "_step": 29,
        "train_psnr channel 1": 22.878496170043945,
        "_timestamp": 1726746899.5474663,
        "val_loss": 0.0020711065735667944,
        "val_psnr channel 2": 25.772939682006836,
        "Performance_Section": "\n    ### Run ID: 1qc6558x\n    **Configuration:** LR: 0.001, Epochs: 400, Augmentations: True, Noisy_data: False\n\n    #### Performance Metrics:\n    - **PSNR channel 1**: 26.44931411743164\n    - **PSNR channel 2**: 25.772939682006836\n    ",
        "model_weights_filename": "1qc6558xswin2sr_epoch10_valloss0.0021.pth",
        "trainer/global_step": 219,
        "_runtime": 46.528083941,
        "val_psnr channel 1": 26.44931411743164,
        "loss": 0.0016435374272987247
    },
    "vjo5xpv9": {
        "val_psnr channel 2": 25.772939682006836,
        "model_weights_filename": "vjo5xpv9swin2sr_epoch10_valloss0.0021.pth",
        "_step": 29,
        "epoch": 9,
        "_runtime": 45.865774032,
        "val_psnr channel 1": 26.44931411743164,
        "trainer/global_step": 219,
        "loss": 0.0016435374272987247,
        "val_loss": 0.0020711065735667944,
        "train_psnr channel 2": 27.113330841064453,
        "_timestamp": 1726747039.0806656,
        "Performance_Section": "\n    ### Run ID: vjo5xpv9\n    **Configuration:** LR: 0.001, Epochs: 400, Augmentations: True, Noisy_data: False\n\n    #### Performance Metrics:\n    - **PSNR channel 1**: 26.44931411743164\n    - **PSNR channel 2**: 25.772939682006836\n    ",
        "train_psnr channel 1": 22.878496170043945
    },
    "e4nc7m54": {
        "Performance_Section": "\n    ### Run ID: e4nc7m54\n    **Configuration:** LR: 0.001, Epochs: 400, Augmentations: True, Noisy_data: False\n\n    #### Performance Metrics:\n    - **PSNR channel 1**: None\n    - **PSNR channel 2**: None\n    ",
        "model_weights_filename": "model.pth"
    },
    "ys245a98": {
        "trainer/global_step": 219,
        "_timestamp": 1726833340.1077342,
        "epoch": 9,
        "loss_epoch": 0.0017917015356943011,
        "model_weights_filename": "ys245a98swin2sr_epoch10_valloss0.0023.pth",
        "val_psnr channel 1": 25.449392318725586,
        "Performance_Section": "\n    ### Run ID: ys245a98\n    **Configuration:** LR: 0.001, Epochs: 400, Augmentations: True, Noisy_data: True, EarlyStopping and ReduceOnPlateau\n\n    #### Performance Metrics:\n    - **PSNR channel 1**: 25.449392318725586\n    - **PSNR channel 2**: 26.190393447875977\n    ",
        "train_psnr channel 1": 27.407819747924805,
        "train_psnr channel 2": 25.93619155883789,
        "val_loss_epoch": 0.0022757898550480604,
        "loss_step": 0.0015604221262037754,
        "val_loss_step": 0.0019069997360929847,
        "_runtime": 46.127471723,
        "_step": 50,
        "val_psnr channel 2": 26.190393447875977
    },
    "axrpw20n": {
        "val_loss_step": 0.0014699947787448764,
        "train_psnr channel 1": 23.470603942871094,
        "train_psnr channel 2": 26.234569549560547,
        "trainer/global_step": 175,
        "val_loss_epoch": 0.0018746579298749566,
        "val_psnr channel 2": 26.937780380249023,
        "loss_step": 0.002888574730604887,
        "model_weights_filename": "axrpw20nswin2sr",
        "_runtime": 57.747542317,
        "epoch": 15,
        "val_psnr channel 1": 26.558156967163086,
        "_timestamp": 1726840097.2053404,
        "_step": 64,
        "loss_epoch": 0.0019271813798695803,
        "Performance_Section": "\n    ### Run ID: axrpw20n\n    **Configuration:** LR: 0.001, Epochs: 400, Augmentations: True, Noisy_data: True, EarlyStopping and ReduceOnPlateau\n\n    #### Performance Metrics:\n    - **PSNR channel 1**: 26.558156967163086\n    - **PSNR channel 2**: 26.937780380249023\n    - ** val_loss **: 0.0018746579298749566\n    "
    },
    "onmea3dr": {
        "epoch": 12,
        "val_psnr channel 1": 8.229049682617188,
        "Performance_Section": "\n    ### Run ID: onmea3dr\n    **Configuration:** LR: 0.001, Epochs: 400, Augmentations: True, Noisy_data: True\n\n    #### Performance Metrics:\n    - **PSNR channel 1**: 8.229049682617188\n    - **PSNR channel 2**: -inf\n    - ** val_loss **: 0.007058214396238327\n    ",
        "train_psnr channel 2": 24.83001708984375,
        "_runtime": 55.540860135,
        "_step": 648,
        "trainer/global_step": 558,
        "_timestamp": 1728372289.211614,
        "val_loss_step": 0.0016016426961869001,
        "loss_epoch": 0.005204363260418177,
        "train_psnr channel 1": -12.272533416748047,
        "loss_step": 0.0007251843344420195,
        "val_loss_epoch": 0.007058214396238327,
        "val_psnr channel 2": -Infinity,
        "model_weights_filename": "onmea3drswin2sr"
    },
    "et3y0g9k": {
        "_timestamp": 1728374640.9919953,
        "loss_step": 0.004106441978365183,
        "val_loss_step": 0.007154119201004505,
        "train_psnr channel 2": 27.511638641357422,
        "_runtime": 595.764764895,
        "val_loss_epoch": 0.007154119201004505,
        "val_psnr channel 1": 23.537397384643555,
        "Performance_Section": "\n    ### Run ID: et3y0g9k\n    **Configuration:** LR: 0.001, Epochs: 400, Augmentations: True, Noisy_data: True\n\n    #### Performance Metrics:\n    - **PSNR channel 1**: 23.537397384643555\n    - **PSNR channel 2**: 27.383563995361328\n    - ** val_loss **: 0.007154119201004505\n    ",
        "model_weights_filename": "et3y0g9kswin2sr",
        "epoch": 221,
        "train_psnr channel 1": 22.28537940979004,
        "_step": 1331,
        "val_psnr channel 2": 27.383563995361328,
        "loss_epoch": 0.004025954753160477,
        "trainer/global_step": 665
    }
}